Microsoft SQL server management studio,SQL server,,,,
service now  : https://optumstage.service-now.com/login_redirect.do?sysparm_stack=no,secure -> New request -> Appication --> ServiceNow (Optum)  -> ITSM - IT Service Management,PROD,User ID,ITSM Technician,Desciption 
Automation Tool : http://wevet42241:90/Configurecontrol.aspx,Login MSID/pwd,,,,
Rally : https://rally1.rallydev.com/#/297538057860d/teamboard,Login : MSID/Pwd,,,,
Control UI : http://wevet42241:4040/ControlsTableUI/controls,,,,,
Control UI : http://wevet42241:4040/ControlsTableUI/controls,,,,,
