Object Type,Name,Type,Method,Input,Expected result,Step Index,Work product,Test Case
Test Case,C360001 _TC01,Functional,Manual,,,,US1706520,
Test Case Step,,,,Verify that the control  running Mon to Fri  11:30  AM IST,The control should trigger  Mon to Fri  11:30  AM IST,1,,line[2]
Test Case,C360001 _TC02,Functional,Manual,,,,US1706520,
Test Case Step,,,,Verify the date creiteria is  previous day in both PNP and DateCriteria table,Date Criteria should be date creiteria is    previous day  in both PNP and DateCriteria table,1,,line[6]
Test Case,C360001 _TC03,Functional,Manual,,,,US1706520,
Test Case Step,,,,Verify the Credentials and Directory paths  is matching between PNP and in  SecurityCredential table., Credentials and Directory pathsshould match between PNP and in  SecurityCredential table.,1,,line[8]
Test Case,C360001 _TC04,Functional,Manual,,,,US1706520,
Test Case Step,,,,"Verify  Control status is Green - Timelness,- Batch Response file  avaialble in source is arrived at destination","Control status should be  Green - Timelness,- If OGM creates new file for the date and CPP receives it completely from ECG",1,,line[10]
Test Case,C360001 _TC05,Functional,Manual,Verify  Control status is Green- If record count in OGM is   equal to record count in cPP ,"Control status should be Green,- If record count in OGM is   equal to record count in cPP ",,US1706520,
Test Case,C360001 _TC06,Functional,Manual,Verify  Control status is Red-Batch Response file  avaialble in source is not arrived at destination,Control status  should be  Red- If no new file is created by OGM,,US1706520,
,,,,,,,,
,,,,,,,,
,,,,,,,,
,,,,,,,,
,,,,TWS Request --> Incident -> Sericenow -> Control: C360001 - >  Mon to Friday -->  1 AM CST  --> QA (Wevet4221),,,,
,,,,"Email verification (Business email , Recocilation email ) --> Emailtemplate should have you email id",,,,
,,,,logs --> any exception ,,,,
,,,,IBM Scheduler -> Check TWS request created or not,,,,
,,,,"Green scenario , Red , Yellow (LHS=0)",,,,
,,,,Incident need to create for Red ,,,,
,,,,Monitoring detail need to update for each and every day,,,,
,,,,Database check ,,,,
,,,,,,,,
,,,,File level,,,,
,,,,Record level,,,,
,,,,status check,,,,
,,,,Volume threshold,,,,
,,,,aging threhold,,,,
,,,,unique id,,,,
